[
  {
    "id": "headphones-1",
    "slide": true,
    "title": "HYDRA Elite Headset",
    "description": "7.1 Surround Sound, RGB подсветка, микрофон с шумоподавлением",
    "fullDescription": "Погрузитесь в мир игрового звука с HYDRA Elite Headset. Наушники оснащены передовыми технологиями для кристально чистого звука и комфортного использования.",
    "price": 12999,
    "image": "/Pro2.png",
    "category": "headphones",
    "specs": [
      { "name": "Тип", "value": "Накладные" },
      { "name": "Звук", "value": "7.1 Surround Sound" },
      { "name": "Подключение", "value": "USB + 3.5mm" },
      { "name": "Микрофон", "value": "Съемный, с шумоподавлением" },
      { "name": "Подсветка", "value": "RGB Chroma" },
      { "name": "Вес", "value": "350 г" }
    ]
  },
  {
    "id": "headphones-2",
    "title": "HYDRA Pro Wireless",
    "description": "Беспроводные наушники с активным шумоподавлением",
    "fullDescription": "Профессиональные игровые наушники с технологией активного шумоподавления и беспроводным подключением для максимальной свободы движения.",
    "price": 15999,
    "image": "/Air.png",
    "category": "headphones",
    "specs": [
      { "name": "Тип", "value": "Беспроводные" },
      { "name": "Звук", "value": "Hi-Res Audio" },
      { "name": "Подключение", "value": "Bluetooth 5.2" },
      { "name": "Время работы", "value": "До 30 часов" },
      { "name": "Шумоподавление", "value": "Активное" },
      { "name": "Вес", "value": "320 г" }
    ]
  }
]
