[
  {
    "id": "laptops-1",
    "slide": true,
    "title": "HYDRA Odyssey",
    "description": "Игровой ноутбук с NVIDIA RTX 4060, Intel Core i7, 32GB RAM",
    "fullDescription": "Погрузитесь в мир профессионального гейминга с HYDRA Odyssey. Этот ноутбук оснащен самыми передовыми технологиями и компонентами для максимальной производительности.",
    "price": 679000,
    "image": "/images/laptops/ODYSSEY.webp",
    "category": "laptops",
    "specs": [
      { "name": "Процессор", "value": "Intel Core i7-13620H" },
      { "name": "Видеокарта", "value": "NVIDIA GeForce RTX 4060 8GB" },
      { "name": "Оперативная память", "value": "32GB DDR5" },
      { "name": "Накопитель", "value": "1TB NVMe SSD" },
      { "name": "Дисплей", "value": "16\" HD 165Hz" },
      { "name": "Вес", "value": "2.5 кг" }
    ],
    "videoReview": "https://www.youtube.com/embed/r4JznKlynYg?si=9hvFaSwQcry9n-Jz",
    "buyLink": "https://hydra.com/checkout/odyssey-x-pro",
    "drivers": [
      {
        "name": "NVIDIA GeForce Game Ready Driver",
        "url": "https://www.nvidia.com/download/index.aspx"
      },
      {
        "name": "Intel Graphics Driver",
        "url": "https://www.intel.com/content/www/us/en/download/19344/intel-graphics-windows-dch-drivers.html"
      },
      {
        "name": "Realtek HD Audio Driver",
        "url": "https://www.realtek.com/en/downloads"
      }
    ]
  },
  {
    "id": "laptops-2",
    "title": "HYDRA Stealth Pro",
    "description": "Тонкий и мощный ноутбук для работы и игр",
    "fullDescription": "HYDRA Stealth Pro сочетает в себе элегантный дизайн и мощную начинку, идеально подходящую как для работы, так и для игр.",
    "price": 159999,
    "image": "https://images.unsplash.com/photo-1593642632823-8f785ba67e45?ixlib=rb-4.0.3&ixid=M3wxMjA3fDB8MHxwaG90by1wYWdlfHx8fGVufDB8fHx8fA%3D%3D&auto=format&fit=crop&w=1632&q=80",
    "category": "laptops",
    "specs": [
      { "name": "Процессор", "value": "Intel Core i7-13700H" },
      { "name": "Видеокарта", "value": "NVIDIA GeForce RTX 4070 8GB" },
      { "name": "Оперативная память", "value": "16GB DDR5" },
      { "name": "Накопитель", "value": "1TB NVMe SSD" },
      { "name": "Дисплей", "value": "15.6\" QHD 165Hz" },
      { "name": "Вес", "value": "1.9 кг" },
      { "name": "Батарея", "value": "80 Wh" }
    ]
  }
]
