[
  {
    "id": "monitors-01",
    "title": "HYDRA RAPTOR H24 Черный",
    "description": "Игровой монитор с 24-дюймовым антибликовым экраном и частотой обновления 240 Гц",
    "fullDescription": "HYDRA RAPTOR H24 – это высокопроизводительный монитор, созданный для мультимедийных развлечений и игр. Он оснащен 24-дюймовой VA-матрицей с разрешением 1920x1080, временем отклика 1 мс и частотой обновления 240 Гц. Антибликовое покрытие, высокая контрастность и технологии защиты глаз обеспечивают комфорт при длительном использовании. Монитор поддерживает подключения через HDMI и DisplayPort, а также оснащен выходом для наушников. Эргономичная конструкция позволяет регулировать угол наклона для удобства работы.",
    "price": 99990,
    "image": "/images/monitors/H24RAPTOR.webp",
    "category": "monitors",
    "specs": [
      { "name": "Диагональ", "value": "24.0 дюйм" },
      { "name": "Разрешение", "value": "1920x1080" },
      { "name": "Макс. частота обновления кадров", "value": "240 Гц" },
      { "name": "Тип ЖК-матрицы", "value": "TFT VA" },
      { "name": "Время отклика", "value": "1 мс" },
      { "name": "Покрытие экрана", "value": "антибликовое" },
      { "name": "Яркость", "value": "350 кд/м²" },
      { "name": "Контрастность", "value": "1000:1" }
    ],
    "videoReview": "https://www.youtube.com/embed/AkgFlRLkv6w?si=LVDOzQ2cQ7O7Slm1",
    "buyLink": "https://kaspi.kz/shop/p/hydra-raptor-h24-chernyi-120204100/"
  },
  {
    "id": "monitors-02",
    "title": "HYDRA RAPTOR H27 Черный",
    "description": "Игровой монитор с 27-дюймовым антибликовым экраном и частотой обновления 360 Гц",
    "fullDescription": "HYDRA RAPTOR H27 – это высокопроизводительный монитор, созданный для мультимедийных развлечений и игр. Он оснащен 27-дюймовой AH-IPS матрицей с разрешением 1920x1080, временем отклика 1 мс и частотой обновления 360 Гц. Антибликовое покрытие, высокая контрастность и технологии защиты глаз обеспечивают комфорт при длительном использовании.",
    "price": 179990,
    "image": "/images/monitors/H27RAPTOR.webp",
    "category": "monitors",
    "specs": [
      { "name": "Диагональ", "value": "27.0 дюйм" },
      { "name": "Разрешение", "value": "1920x1080" },
      { "name": "Макс. частота обновления кадров", "value": "360 Гц" },
      { "name": "Тип ЖК-матрицы", "value": "TFT AH-IPS" },
      { "name": "Время отклика", "value": "1 мс" },
      { "name": "Покрытие экрана", "value": "антибликовое" },
      { "name": "Яркость", "value": "400 кд/м²" },
      { "name": "Контрастность", "value": "1000:1" }
    ],
    "videoReview": "https://www.youtube.com/embed/7gOQ8U9qyj4?si=EDcCi-U3Yi18CHBR",
    "buyLink": "https://kaspi.kz/shop/p/27-hydra-raptor-h27-chernyi-120998827/"
  },
  {
    "id": "monitors-03",
    "title": "HYDRA RAPTOR H34 Черный",
    "description": "Игровой монитор с 34-дюймовым изогнутым антибликовым экраном и частотой обновления 180 Гц",
    "fullDescription": "HYDRA RAPTOR H34 – это игровой монитор с изогнутым 34-дюймовым экраном, оптимизированный для мультимедийных развлечений и профессиональных задач. Он оснащен TFT VA-матрицей с разрешением 3440x1440, временем отклика 1 мс и частотой обновления 180 Гц. Антибликовое покрытие, высокая контрастность и технологии защиты глаз обеспечивают комфорт при длительном использовании. Монитор поддерживает подключения через HDMI и DisplayPort, а также оснащен выходом для наушников. Эргономичная конструкция позволяет регулировать высоту, угол наклона и поворот экрана.",
    "price": 189990,
    "image": "/images/monitors/H34RAPTOR.webp",
    "category": "monitors",
    "specs": [
      { "name": "Диагональ", "value": "34.0 дюйм" },
      { "name": "Разрешение", "value": "3440x1440" },
      { "name": "Макс. частота обновления кадров", "value": "180 Гц" },
      { "name": "Тип ЖК-матрицы", "value": "TFT VA" },
      { "name": "Время отклика", "value": "1 мс" },
      { "name": "Покрытие экрана", "value": "антибликовое" },
      { "name": "Яркость", "value": "400 кд/м²" },
      { "name": "Контрастность", "value": "3000:1" }
    ],
    "videoReview": "https://www.youtube.com/embed/DKoLvViUaIA?si=nmSYfVnFobywFozo",
    "buyLink": "https://kaspi.kz/shop/p/hydra-raptor-h34-chernyi-120204093/"
  }
]
