[
  {
    "id": "accessories-1",
    "slide": true,
    "title": "HYDRA T-Rex Lite 40 мм",
    "description": "Игровая мышь с сенсором 26000 DPI и RGB подсветкой",
    "fullDescription": "Профессиональная игровая мышь HYDRA с передовым сенсором, легким весом и настраиваемой подсветкой для максимальной точности и комфорта.",
    "price": 7999,
    "image": "/trex.png",
    "category": "accessories",
    "specs": [
      { "name": "Сенсор", "value": "26000 DPI" },
      { "name": "Кнопки", "value": "8 программируемых" },
      { "name": "Подсветка", "value": "RGB 16.8M цветов" },
      { "name": "Вес", "value": "69 г" },
      { "name": "Подключение", "value": "USB-C" }
    ]
  },
  {
    "id": "accessories-2",
    "title": "HYDRA Mechanical Keyboard",
    "description": "Механическая клавиатура с RGB подсветкой",
    "fullDescription": "Профессиональная игровая клавиатура с механическими переключателями, настраиваемой подсветкой и эргономичным дизайном.",
    "price": 9999,
    "image": "https://psv4.userapi.com/s/v1/d/sYFcFmsyYvL5MQFFDGrNzcJthut-SgwfilONUmvJBzCg5EUXSvV9nZy4ceCMm0RHUGCPykCTQSGsPI00TQabIRPhJR6E3cyIQZhkL4ImoynpSmVl6LbOyw/1_kopia.png",
    "category": "accessories",
    "specs": [
      { "name": "Переключатели", "value": "Cherry MX Red" },
      { "name": "Подсветка", "value": "RGB per-key" },
      { "name": "Раскладка", "value": "Full-size" },
      { "name": "Подключение", "value": "USB-C" },
      { "name": "Материал", "value": "Алюминий" }
    ]
  }
]
